mid,mname
29,haven
21,fear
46,limelight
7,mermaids
30,wings
4,argo
45,aliens
78,goodfellas
40,wolf
33,devil
45,planes
31,pilgrim
32,suddenly
12,identity
14,hook
27,jumanji
25,frozen
8,brave
88,pinocchio
6,virus
20,love
23,clue
13,solo
22,willow
3,gravity
44,skyfall
16,scream
17,cindrella
43,boo
24,chaos
103,freaks
15,valentine
34,suspicion
19,cube
39,divergent
42,ratatouille
41,stromboli
2,mac
19,firewall
9,misery
11,cellular
35,fargo
36,bewitched
10,salt
5,dreamcatcher
38,lincoln
37,batman
18,sneakers
26,scared
32,pulse
28,gaslight
47,chinatown
48,dave
1,wishcraft
